{
  "_comment": "Package to version variable mapping. Grouped packages share a single version variable.",
  
  "grouped": {
    "RoslynVersion": [
      "Microsoft.CodeAnalysis.CSharp",
      "Microsoft.CodeAnalysis.Common",
      "Microsoft.CodeAnalysis.CSharp.Workspaces",
      "Microsoft.CodeAnalysis.Workspaces.Common"
    ],
    "RoslynAnalyzersVersion": [
      "Microsoft.CodeAnalysis.Analyzers"
    ],
    "AspNetCoreVersion": [
      "Microsoft.AspNetCore.Mvc.Testing",
      "Microsoft.AspNetCore.OpenApi",
      "Microsoft.Extensions.Hosting.Abstractions",
      "Microsoft.Extensions.Logging"
    ],
    "MicrosoftExtensionsVersion": [
      "Microsoft.AspNetCore.Diagnostics.Middleware",
      "Microsoft.Extensions.Compliance.Redaction",
      "Microsoft.Extensions.Diagnostics.Testing",
      "Microsoft.Extensions.Http.Resilience",
      "Microsoft.Extensions.ServiceDiscovery",
      "Microsoft.Extensions.Telemetry",
      "Microsoft.Extensions.Telemetry.Abstractions"
    ],
    "OpenTelemetryVersion": [
      "OpenTelemetry.Exporter.Console",
      "OpenTelemetry.Exporter.OpenTelemetryProtocol",
      "OpenTelemetry.Extensions.Hosting",
      "OpenTelemetry.Instrumentation.AspNetCore",
      "OpenTelemetry.Instrumentation.Http",
      "OpenTelemetry.Instrumentation.Runtime"
    ],
    "NuGetVersion": [
      "NuGet.Protocol",
      "NuGet.Packaging"
    ],
    "XunitV3Version": [
      "xunit.v3.mtp-v2"
    ],
    "AwesomeAssertionsVersion": [
      "AwesomeAssertions"
    ],
    "AwesomeAssertionsAnalyzersVersion": [
      "AwesomeAssertions.Analyzers"
    ]
  },
  
  "direct": {
    "Microsoft.Bcl.AsyncInterfaces": "MicrosoftBclAsyncInterfacesVersion",
    "Microsoft.Deployment.DotNet.Releases": "MicrosoftDeploymentDotNetReleasesVersion",
    "Microsoft.SourceLink.GitHub": "MicrosoftSourceLinkVersion",
    "Meziantou.Framework": "MeziantouFrameworkVersion",
    "Meziantou.Framework.DependencyScanning": "MeziantouDependencyScanningVersion",
    "Meziantou.Framework.FullPath": "MeziantouFullPathVersion",
    "Meziantou.Framework.TemporaryDirectory": "MeziantouTemporaryDirectoryVersion",
    "Meziantou.Framework.Threading": "MeziantouThreadingVersion",
    "Meziantou.Xunit.v3.ParallelTestFramework": "MeziantouParallelTestFrameworkVersion",
    "GitHubActionsTestLogger": "GitHubActionsTestLoggerVersion",
    "Basic.Reference.Assemblies.Net100": "BasicReferenceAssembliesVersion",
    "MSBuild.StructuredLogger": "MSBuildStructuredLoggerVersion",
    "Serilog": "SerilogVersion",
    "Newtonsoft.Json": "NewtonsoftJsonVersion"
  },
  
  "autoGeneratePattern": "Package.Name → PackageNameVersion (remove dots/dashes, append 'Version')"
}
